id,question,answer,prediction,sql,response,summary,r_num_cell,t_num_cell
id,question,answer,prediction,sql,response,summary,r_num_cell,t_num_cell
nu-0,which country had the most cyclists finish within the top 10?,italy,ita,"SELECT SUBSTR(""Cyclist"", INSTR(""Cyclist"", '(') + 1, 3) AS country_code, COUNT(*) AS cyclist_count FROM T WHERE ""Rank"" <= 10 GROUP BY country_code ORDER BY cyclist_count DESC LIMIT 1;","The query returns the country code and the count of cyclists from that country who finished within the top 10.  
Final Answer: ITA","**Column Analysis:**

1. Rank:
   - Data type: Numeric
   - 4 representative example values: 1, 2, 3, 5
   - Role: Identifier

2. Cyclist:
   - Data type: Categorical
   - 4 representative example values: Alejandro Valverde (ESP), Alexandr Kolobnev (RUS), Davide Rebellin (ITA), Franco Pellizotti (ITA)
   - Role: Descriptor

3. Team:
   - Data type: Categorical
   - 4 representative example values: Caisse d'Epargne, Team CSC Saxo Bank, Gerolsteiner, Liquigas
   - Role: Descriptor

4. Time:
   - Data type: Categorical (time format)
   - 4 representative example values: 5h 29' 10"", s.t., + 2""
   - Role: Measure

5. UCI ProTour Points:
   - Data type: Numeric
   - 4 representative example values: 40, 30, 25, 15
   - Role: Measure

**Outlier Row Analysis:**

1. Row 0:
   - The time value is 5h 29' 10"", which is significantly higher than the other time values in the table.
   - This row is an outlier due to the unusually high time value compared to the rest of the data.

2. Row 9:
   - The time value is + 2"", which is different from the ""s.t."" values in the other rows.
   - This row is an outlier due to the unique time format compared to the majority of the table.

3. Row 1:
   - The cyclist is Alexandr Kolobnev (RUS), which is different from the other cyclists in the table.
   - This row is an outlier due to the distinct cyclist nationality compared to the rest of the data.",2,60
